{"Point_0": {"color": [0.010554698761237585, -0.0003475923988684199, 0.02680713373082374, 1.0], "position": [0.010554698761237585, -0.0003475923988684199, 0.02680713373082374, 1.0], "adjusted_position": [0.010554698761237585, -0.0003475923988684199, 0.02680713373082374, 1.0], "poses": {"_x_00050_y_02880_step_06200_.jpg": [3144.0, 2099.0], "_x_00050_y_00320_step_06200_.jpg": [2310.0, 2119.0], "_x_00000_y_00000_step_06200_.jpg": [2758.0, 1933.0]}}, "centroid": {"color": "#000000", "position": [0.010554698761237585, -0.0003475923988684199, 0.02680713373082374], "adjusted_position": [0.010554698761237585, -0.0003475923988684199, 0.02680713373082374]}}