{
 "cou": {
  "color": "#c061cb",
  "position": [
   0.010510555696997843,
   -0.00017161238319046785,
   0.026843653183123407,
   1.0
  ],
  "adjusted_position": [
   0.010510555696997843,
   -0.00017161238319046785,
   0.026843653183123407,
   1.0
  ],
  "poses": {
   "_x_00000_y_00000_step_06200_.jpg": [
    2767.0,
    1936.0
   ],
   "_x_00100_y_02880_step_06200_.jpg": [
    3105.0,
    2209.0
   ],
   "_x_00050_y_00320_step_06200_.jpg": [
    2322.0,
    2117.0
   ]
  }
 },
 "pec": {
  "color": "#0000ff",
  "position": [
   0.00885065117311041,
   -5.3099783523930125e-06,
   0.0259145510963599,
   1.0
  ],
  "adjusted_position": [
   0.00885065117311041,
   -5.3099783523930125e-06,
   0.0259145510963599,
   1.0
  ],
  "poses": {
   "_x_00000_y_00000_step_06200_.jpg": [
    2765.0,
    2052.0
   ],
   "_x_00100_y_02880_step_06200_.jpg": [
    3047.0,
    2304.0
   ],
   "_x_00050_y_00320_step_06200_.jpg": [
    2381.0,
    2219.0
   ]
  }
 },
 "bidou": {
  "color": "#ff7800",
  "position": [
   0.0014585142458516443,
   0.0015069096701749729,
   0.024475218504184243,
   1.0
  ],
  "adjusted_position": [
   0.0014585142458516443,
   0.0015069096701749729,
   0.024475218504184243,
   1.0
  ],
  "poses": {
   "_x_00000_y_00000_step_06200_.jpg": [
    2797.0,
    2471.0
   ],
   "_x_00050_y_00320_step_06200_.jpg": [
    2687.0,
    2520.0
   ]
  }
 },
 "centroid": {
  "color": "#ff7800",
  "position": [
   0.0069399070386533005,
   0.00044332910287737064,
   0.025744474261222516
  ],
  "adjusted_position": [
   0.0069399070386533005,
   0.00044332910287737064,
   0.025744474261222516
  ],
  "poses": {}
 }
}